{
  "default": {
    "name": "Default",
    "tileBackgroundColor": "#FFFFFF",
    "titleColor": "#000000",
    "comparisonPositiveColor": "#46c646",
    "comparisonNegativeColor": "#f93f17",
    "comparisonNeutralColor": "#000000",
    "comparisonPositiveIcon": "&#9650;",
    "comparisonNegativeIcon": "&#9660;",
    "comparisonNeutralIcon": "&#6;"
  },
  "green": {
    "name": "Green",
    "tileBackgroundColor": "#91C526",
    "titleColor": "#fff",
    "comparisonPositiveColor": "#006600",
    "comparisonNegativeColor": "#CC0000",
    "comparisonNeutralColor": "#333",
    "comparisonPositiveIcon": "&#9650;",
    "comparisonNegativeIcon": "&#9660;",
    "comparisonNeutralIcon": "&#9654;"
  },
  "orange": {
    "name": "Orange",
    "tileBackgroundColor": "#FFB304",
    "titleColor": "#fff",
    "comparisonPositiveColor": "#006600",
    "comparisonNegativeColor": "#CC0000",
    "comparisonNeutralColor": "#333",
    "comparisonPositiveIcon": "&#9650;",
    "comparisonNegativeIcon": "&#9660;",
    "comparisonNeutralIcon": "&#9654;"
  }
}